created_at;id_str;full_text;quote_count;reply_count;retweet_count;favorite_count;lang;user_id_str;conversation_id_str;username;tweet_url
Wed Oct 04 02:46:33 +0000 2023;1709399578972475457;"The whole system is so messed up already can u guys see that? Gen z tuh sebenernya korban gen gen tai sebelumnya yg pada kapitalis. Mau gen z kerja kaya gimana pun, mau banting tulang sampe gak tidur pun, kebeli gak lu rumah? Mobil? Ni gue bilang gen z yg beneran kerja ya.";0;0;0;0;in;1609697846;1709398590198874565;puyitis;https://twitter.com/puyitis/status/1709399578972475457
Wed Oct 04 02:46:26 +0000 2023;1709399551956922698;"Millennial dulu sebel dikatain sama boomers, bukannya belajar malah ngecengin gen Z wkwkwkwk";0;0;0;0;in;614325513;1709399551956922698;soggybiskuits;https://twitter.com/soggybiskuits/status/1709399551956922698
Wed Oct 04 02:46:26 +0000 2023;1709399550732177668;"ad ap dgn perseteruan milenial dan gen z ini";0;0;0;0;in;3744515773;1709399550732177668;lemoitulemoe;https://twitter.com/lemoitulemoe/status/1709399550732177668
Wed Oct 04 02:46:24 +0000 2023;1709399543006072856;"@DanCrenshawTX Remember that time you sold a teammate out? Good times  We all know what that eye socket is used for now ğŸ¤·";0;0;0;0;en;1507237295585382408;1709332164041437632;68wpiper;https://twitter.com/68wpiper/status/1709399543006072856
Wed Oct 04 02:46:16 +0000 2023;1709399509992878216;"Rahmat Erwin Abdullah Gen Z aku mencintai kalian semua åµãƒ»æ«»äº•ç¿” Ganjar Lebih Baik åŸç›£ç£é€€ä»» RM of BTS Amanda Manopo #Suzy #ã‚µãƒ ãƒ©ã‚¤ãƒãƒƒã‚¯ Pernah WO ç·è£é¸ç«‹å€™è£œ Gaelic Whoosh Whoosh #AlamGanjar  MOMO PARIS Tiktok Shop https://t.co/pF9EtP7P5b";0;0;0;0;ja;1534794474031058944;1709399507786711088;PradiptaSri;https://twitter.com/PradiptaSri/status/1709399509992878216
Wed Oct 04 02:46:16 +0000 2023;1709399507786711088;"Rahmat Erwin Abdullah Gen Z aku mencintai kalian semua åµãƒ»æ«»äº•ç¿” Ganjar Lebih Baik åŸç›£ç£é€€ä»» RM of BTS Amanda Manopo #Suzy #ã‚µãƒ ãƒ©ã‚¤ãƒãƒƒã‚¯ Pernah WO ç·è£é¸ç«‹å€™è£œ Gaelic Whoosh Whoosh #AlamGanjar  MOMO PARIS Tiktok Shop https://t.co/WyHgpTq9Vy";0;1;0;0;ja;1534794474031058944;1709399507786711088;PradiptaSri;https://twitter.com/PradiptaSri/status/1709399507786711088
Wed Oct 04 02:46:14 +0000 2023;1709399499964371371;"@ozarangkuti Kok klarifikasi bg? Mau jdi duta gen z?";0;0;0;0;in;1173604588814921729;1709397646786572507;aldi_kennedy;https://twitter.com/aldi_kennedy/status/1709399499964371371
Wed Oct 04 02:46:13 +0000 2023;1709399494583071223;"Sowan ke PonPes Al-Asya'ariyyah, Ganjar didoakan menjadi pemimpin adil dan amanah. . . Amanda Manopo jodie hamil Rahmat Erwin Abdullah Gen Z Whoosh #earthquake #JENNIExCHANELSS24 CEGIL RENJUN #FLAME_RISES_IN_JAKARTA JENO JAEMIN Ganjar Lebih Baik menuju masa depan https://t.co/r08WgXMiv3";0;0;1;1;in;1652978447260712962;1709399494583071223;AriFaishal22;https://twitter.com/AriFaishal22/status/1709399494583071223
Wed Oct 04 02:46:12 +0000 2023;1709399489398940050;"@ozarangkuti Maafin gen z bg";0;0;0;0;in;1219024687595810817;1709397646786572507;xikael__;https://twitter.com/xikael__/status/1709399489398940050
Wed Oct 04 02:46:11 +0000 2023;1709399485770842451;"I feel like boomers and gen z hate millenials bc we the best";0;0;0;0;en;1242218053955399680;1709399485770842451;gugugal345;https://twitter.com/gugugal345/status/1709399485770842451
Wed Oct 04 02:46:11 +0000 2023;1709399485661712697;"Pagiii Amanda Monepo RM of BTS nomin jaya jaya aku mencintai kalian semua #JungKook_GOLDEN gen z cegil renjun";0;0;0;0;in;1699778366193467392;1709399485661712697;pietweetiekook;https://twitter.com/pietweetiekook/status/1709399485661712697
Wed Oct 04 02:46:02 +0000 2023;1709399448605134864;"@ozarangkuti Gen Z'inah   btw,, bang suka zinah di hari apa ..";0;0;0;0;in;1542491983423635456;1709177954784399449;PedangIblis;https://twitter.com/PedangIblis/status/1709399448605134864
Wed Oct 04 02:45:59 +0000 2023;1709399437876089306;"@ozarangkuti Gw gen z santai aja anjir liatnya, gen Z di Twitter pantat tipis semua di senggol ama realita, tantrum";0;0;0;0;in;1553659060846620673;1709397646786572507;Fajroutine;https://twitter.com/Fajroutine/status/1709399437876089306
Wed Oct 04 02:45:53 +0000 2023;1709399412726759529;"@NafaiAngel @BryceAllers @MaxwellFrostFL You seem confused, since you're literally on the thread of the first Gen Z congressman.";0;0;0;0;en;32370661;1709300775631872333;gusnlea;https://twitter.com/gusnlea/status/1709399412726759529
Wed Oct 04 02:45:53 +0000 2023;1709399411279962391;"Milleni4ls hags after tweeting about how gen z being in workplace: https://t.co/lYXdWnpTb6";0;0;0;0;en;1403795795636150272;1709399411279962391;IDGAFlSM;https://twitter.com/IDGAFlSM/status/1709399411279962391
Wed Oct 04 02:45:35 +0000 2023;1709399336809910407;"@MOCHlMMY @ijbaul @AlimiAlpha Early gen z is old asf, yâ€™all might as well be millennials";0;0;0;0;en;1647840613012758531;1709168735519490443;froggisakiart;https://twitter.com/froggisakiart/status/1709399336809910407
Wed Oct 04 02:45:33 +0000 2023;1709399329025458227;"@ozarangkuti GenZ";0;0;0;0;en;738749016;1709397646786572507;Unterhose08;https://twitter.com/Unterhose08/status/1709399329025458227
Wed Oct 04 02:45:29 +0000 2023;1709399310180479122;"@gabingulaa @ozarangkuti Yah, gen z cupu dong kamu. Udah gabisa kerja, gapernah zina lagi";0;0;0;0;in;1698504229;1709118100803883110;jimiyabdul;https://twitter.com/jimiyabdul/status/1709399310180479122
Wed Oct 04 02:45:27 +0000 2023;1709399303574438155;"@Hasiholan1234 @JS_Khairen @glrhn kalo begitu mah bukan cuma gen z, buat apa ada serikat buruh kalo legowo terus sama apa yg perusahaan kasih baik atau buruk? yg masih perlu dikritisi dari gen z ya penyampaiannya bukan pemikirannya, tapi ya wajar baru juga dewasa, makin tua bakal makin bijak";0;0;0;0;in;1457515602604486660;1709189370623012963;exxxtrahottt;https://twitter.com/exxxtrahottt/status/1709399303574438155
Wed Oct 04 02:45:24 +0000 2023;1709399290366267782;"@WhatisTheBronx @BigRonBaybe @nikoexxtra He's using Gen Z insults because he's wants to feel young too.  Same energy: https://t.co/ZMobreufQr";0;0;0;0;en;34618780;1709232919988859286;BerWinning_;https://twitter.com/BerWinning_/status/1709399290366267782
Wed Oct 04 02:45:21 +0000 2023;1709399278966194686;"This different and I don't want smoke with no one from Gen Z lmao wtf. ğŸ¤£";0;0;0;0;en;1637175185253060610;1709399278966194686;redclayNique;https://twitter.com/redclayNique/status/1709399278966194686
Wed Oct 04 02:45:19 +0000 2023;1709399267671212036;"Rahmat Erwin Abdullah Gen Z aku mencintai kalian semua åµãƒ»æ«»äº•ç¿” Ganjar Lebih Baik åŸç›£ç£é€€ä»» RM of BTS Amanda Manopo #Suzy #ã‚µãƒ ãƒ©ã‚¤ãƒãƒƒã‚¯ Pernah WO ç·è£é¸ç«‹å€™è£œ Gaelic Whoosh Whoosh #AlamGanjar https://t.co/bvenk9RG7M";0;0;0;0;ja;1669238507905355777;1709399267671212036;faravesityy;https://twitter.com/faravesityy/status/1709399267671212036
Wed Oct 04 02:45:19 +0000 2023;1709399267071361077;"W kerja sama Gen Z dan di kantor (yg udah tuaaaa bgt umur kantor w) isinya banyak Gen Z. Malah jd kuncian dan bikin suasana kantor menyenangkan. Kalo pernah diresein org yg lbh tua, coba jgn dijadiin generational trauma dah passing label gitu ke generasi yg lbh muda hhe ğŸ˜Š";0;0;0;0;in;81071333;1709399267071361077;puspapra;https://twitter.com/puspapra/status/1709399267071361077
Wed Oct 04 02:45:18 +0000 2023;1709399263095246943;"Rahmat Erwin Abdullah Gen Z aku mencintai kalian semua åµãƒ»æ«»äº•ç¿” Ganjar Lebih Baik åŸç›£ç£é€€ä»» RM of BTS Amanda Manopo #Suzy #ã‚µãƒ ãƒ©ã‚¤ãƒãƒƒã‚¯ Pernah WO ç·è£é¸ç«‹å€™è£œ Gaelic Whoosh Whoosh #AlamGanjar  MOMO PARIS https://t.co/vLmbYJniK2";0;0;0;0;ja;1534808352110551040;1709399260901650571;SaputriSulalah;https://twitter.com/SaputriSulalah/status/1709399263095246943
Wed Oct 04 02:45:17 +0000 2023;1709399260901650571;"Rahmat Erwin Abdullah Gen Z aku mencintai kalian semua åµãƒ»æ«»äº•ç¿” Ganjar Lebih Baik åŸç›£ç£é€€ä»» RM of BTS Amanda Manopo #Suzy #ã‚µãƒ ãƒ©ã‚¤ãƒãƒƒã‚¯ Pernah WO ç·è£é¸ç«‹å€™è£œ Gaelic Whoosh Whoosh #AlamGanjar  MOMO PARIS https://t.co/Za6UOUA5OF";0;1;0;0;ja;1534808352110551040;1709399260901650571;SaputriSulalah;https://twitter.com/SaputriSulalah/status/1709399260901650571
Wed Oct 04 02:45:09 +0000 2023;1709399228483850245;"Pasangan ngewe brutal ğŸ’¦ https://t.co/FPiZNR9h2v  Doggy style ğŸ’¦ https://t.co/m9v9LCykun  Ibu vs anak sndiri https://t.co/oDWRvK1ADG  Ananda Manonpo Onana Gen Z #Messiğ“ƒµ";0;0;0;0;in;2758512081;1709399228483850245;TanteNackal1;https://twitter.com/TanteNackal1/status/1709399228483850245
Wed Oct 04 02:45:09 +0000 2023;1709399226499916008;"@infoXwor_ Setiap gen ada plus minusnya, klo gen z dikata tukang zinah ga sadar aja jg kalo gen z yg skrg jg ada yg hasil perzinahan gen yg sebelumnya wkwkwks";0;0;0;0;in;1296973722830569472;1709173692994031983;valsyaaa;https://twitter.com/valsyaaa/status/1709399226499916008
Wed Oct 04 02:45:03 +0000 2023;1709399200268730380;"*frantically googles â€œmodern gen z memesâ€ so I can feel younger*";0;0;0;0;en;1242218053955399680;1709399200268730380;gugugal345;https://twitter.com/gugugal345/status/1709399200268730380
Wed Oct 04 02:45:01 +0000 2023;1709399193109004465;"@ozarangkuti Makanya bang lain kali kalo mau ngatain gen z harus ada kata "no salty" nya dijamin ga tersinggung";0;0;0;0;in;1201680810195083265;1709397646786572507;Kapillahh;https://twitter.com/Kapillahh/status/1709399193109004465
Wed Oct 04 02:45:00 +0000 2023;1709399191380717870;"@SterlingReece @9mm_smg It's surprisingly hard to stab someone sprinting away too... Fight, flight, freeze I guess";0;0;0;1;en;1507237295585382408;1709330756202344882;68wpiper;https://twitter.com/68wpiper/status/1709399191380717870
Wed Oct 04 02:45:00 +0000 2023;1709399188138512695;"Merriam-Webster has added almost 700 new words to the dictionary over the last month â€“ some of which GenZ have been comfortably using in their daily lives.  https://t.co/uqZHnlrnBd";0;0;0;1;en;18860860;1709399188138512695;khaleejtimes;https://twitter.com/khaleejtimes/status/1709399188138512695
Wed Oct 04 02:44:47 +0000 2023;1709399133524816087;"Disetiap generasi tantangan nya berbeda-beda. Boomers-gen x- millennials-gen z tidak dapat disama ratakan,   Inget ga orang tua kita (gue gen z) dulu ngeluh masalah teknologi dan internet? Mereka menganggap diri mereka kerja keras dibanding kita yang sekarang modern bgt https://t.co/OJeddZGuVK";0;1;0;0;in;1607356860;1709399133524816087;zhapirehara;https://twitter.com/zhapirehara/status/1709399133524816087
Wed Oct 04 02:44:39 +0000 2023;1709399099890397378;"@annn_dollars Gen z baddie empire ğŸ˜‚ğŸ˜‚ we gas see the empire";0;0;0;0;en;1495448929193897987;1708768495544983989;weirdoinangel;https://twitter.com/weirdoinangel/status/1709399099890397378
Wed Oct 04 02:44:34 +0000 2023;1709399079510552620;"@AnotherHomoCon Ok 3 isn't bad for a Gen Z like meğŸ™‚";0;0;0;0;en;2598465974;1709342279754817981;TheBeardiful1;https://twitter.com/TheBeardiful1/status/1709399079510552620
Wed Oct 04 02:44:32 +0000 2023;1709399072808054922;"Yah gak ada konten "yang gen z rasakan:"";0;0;0;0;in;1414782789187084292;1709399072808054922;redvelvetcakesa;https://twitter.com/redvelvetcakesa/status/1709399072808054922
Wed Oct 04 02:44:28 +0000 2023;1709399056521552377;"Rahmat Erwin Abdullah Gen Z aku mencintai kalian semua åµãƒ»æ«»äº•ç¿” Ganjar Lebih Baik åŸç›£ç£é€€ä»» RM of BTS Amanda Manopo #Suzy #ã‚µãƒ ãƒ©ã‚¤ãƒãƒƒã‚¯ Pernah WO ç·è£é¸ç«‹å€™è£œ Gaelic Whoosh Whoosh #AlamGanjar https://t.co/pmvGUXXpu7";0;0;0;3;ja;1671782195160285184;1709399056521552377;jessikarmillaw;https://twitter.com/jessikarmillaw/status/1709399056521552377
Wed Oct 04 02:44:19 +0000 2023;1709399017095049716;"Warga Kecamatan Mijen bersama Mas Vino !    Tags: #Doona Myanmar aku mencintai kalian semua Pernah WO Gen Z Rahmat Erwin Abdullah Whoosh Monica Gaelic Menteri #TwinklingWatermelonEp4 ç·è£é¸ç«‹å€™è£œ ä¸ç™»æ ¡29ä¸‡äºº Prabowo APBN https://t.co/fApSoX0Wez";0;0;0;0;in;1676146608147406851;1709399017095049716;barisanherviano;https://twitter.com/barisanherviano/status/1709399017095049716
Wed Oct 04 02:44:15 +0000 2023;1709399002679247211;"@FunJunkies Aseli tan. Rada puyeng ini gimana cara masuk ke mereka. Ngehandle team 40-an orang yang kebanyakan diisi gen z. Dibilang lembek tersinggung, tapi faktanya emang males2. Pengen kerja santai tanpa teguran. Dikira perusahaan engkongnya kali ada yang begitu.";0;0;0;0;in;1509570277373452293;1709380265045561572;Mareto91_;https://twitter.com/Mareto91_/status/1709399002679247211
Wed Oct 04 02:44:08 +0000 2023;1709398972987818392;"Amanda Manopo  Gen Z  Jodie hamil cegil renjun  RM of BTS Nomin jaya jaya jaya CEGIL RENJUN aku mencintai kalian semua #earthquake Rahmat Erwin Abdullah #HannieHoney_JEONGH  #FLAME_RISES_IN_JAKARTA NCT 127 TEASER IMAGE 3 Whoosh JENO JAEMIN #à¸à¸²à¸£à¸²à¸à¸­à¸™ seokjin laos";0;0;0;0;in;1334510339132624899;1709398972987818392;mawduns;https://twitter.com/mawduns/status/1709398972987818392
Wed Oct 04 02:44:03 +0000 2023;1709398950892237114;"TOP 5 VIRAL VIDEO Oklin Fia Rabu  https://t.co/4v2JBXqtYB  Alika Viral   https://t.co/sHCPOfoZsp  Rebecca Klopper 11 Menit  https://t.co/u4Akd5hAUx  Syakirah   https://t.co/5JOfyfKvUD  Bayindir Amanda Manopo Onana SEMALEM jodie hamil Man United Sarapan Manchester United Gen Z https://t.co/jaXGCfYHqD";0;0;7;1;in;245671919;1709398950892237114;cinta_romantis;https://twitter.com/cinta_romantis/status/1709398950892237114
Wed Oct 04 02:43:52 +0000 2023;1709398906008911984;"Warga Kecamatan Mijen bersama Mas Vino !  Tags: #Doona Myanmar aku mencintai kalian semua Pernah WO Gen Z Rahmat Erwin Abdullah Whoosh Monica Gaelic Menteri #TwinklingWatermelonEp4 ç·è£é¸ç«‹å€™è£œ ä¸ç™»æ ¡29ä¸‡äºº Prabowo APBN https://t.co/vqaFy7jJZL";0;0;0;0;in;1676141142289809409;1709398906008911984;SahabatHerviano;https://twitter.com/SahabatHerviano/status/1709398906008911984
Wed Oct 04 02:43:52 +0000 2023;1709398903433638142;"Whats with millennials and their god complex and hatred towards gen z?? Hobinya degrading gen z mulu mending banyakin olahraga gih biar lower back pain-nya ga kambuh ya om/tante";1;0;0;0;in;1248585918706880512;1709398903433638142;katriel_scenny;https://twitter.com/katriel_scenny/status/1709398903433638142
Wed Oct 04 02:43:46 +0000 2023;1709398878921846948;"Gen Z is actually really great when you get to know them.";0;0;0;0;en;310416690;1709398878921846948;B_Goodness;https://twitter.com/B_Goodness/status/1709398878921846948
Wed Oct 04 02:43:45 +0000 2023;1709398873658294321;"@MorePerfectUS The problem is most people seem to have an inflated view of their worth, especially gen z who think they 'deserve' everything.";0;0;0;0;en;2848656003;1709297687542059393;Ill_talk_slow4u;https://twitter.com/Ill_talk_slow4u/status/1709398873658294321
Wed Oct 04 02:43:42 +0000 2023;1709398862845374970;"Sis thinks all gen z kiddos are lazy but she is just unlucky to have ONE lazy ass loser gen z as her coworker ijbol";0;0;0;0;en;427058399;1709398862845374970;Topekhanbeondeo;https://twitter.com/Topekhanbeondeo/status/1709398862845374970
Wed Oct 04 02:43:39 +0000 2023;1709398848853193096;"@strike_bravo_b ane yg late milenial tp punya temen angkatan rata" gen Z krn kelamaan nganggur jd bingung posisikan diri...";0;0;0;0;in;1679321352795484160;1709199233176539273;BillySMBS;https://twitter.com/BillySMBS/status/1709398848853193096
Wed Oct 04 02:43:29 +0000 2023;1709398809690984559;"@jasrifootball Gen z is so soft ğŸ˜‚ğŸ˜‚ğŸ˜‚ https://t.co/5onDtaBQ7f";0;0;0;0;de;1686825123486236674;1709376671273345454;GoPackGo116;https://twitter.com/GoPackGo116/status/1709398809690984559
Wed Oct 04 02:43:26 +0000 2023;1709398793546764387;"Las relaciones Internacionales de los gen z me dan demasiado cringe. Como conectas si ni siquiera hablan un idioma en comÃºn?? ğŸ˜©";0;0;0;0;es;110817494;1709398793546764387;sacrebleau_;https://twitter.com/sacrebleau_/status/1709398793546764387
Wed Oct 04 02:43:20 +0000 2023;1709398771761897534;"Udahlah gen z gen y boomer ga usah berantem, kalian tetep kalah sama gen yg lahir di jaman majapahit dan sriwijaya dulu ğŸ¤£";0;0;0;0;in;398101637;1709398771761897534;metronome21;https://twitter.com/metronome21/status/1709398771761897534
Wed Oct 04 02:43:10 +0000 2023;1709398727772008563;"@glrhn Sebagai gen Z ini bener,  gua tipikal org yg dedicated sama kerjaan, but somehow gua jg bisa kepengaruh sama tingkah laku atasan. Jadi ini bener bgt, kuncinya adalah atasan yang bisa merangkul dan mengarahkan dengan baik. Soalnya sering denger tmn ga betah kerja karena atasan:(";0;0;0;0;in;914053493660385280;1709189370623012963;Scheataquarii;https://twitter.com/Scheataquarii/status/1709398727772008563
Wed Oct 04 02:42:59 +0000 2023;1709398683312386407;"Rahmat Erwin Abdullah Gen Z aku mencintai kalian semua åµãƒ»æ«»äº•ç¿” Ganjar Lebih Baik åŸç›£ç£é€€ä»» RM of BTS Amanda Manopo #Suzy #ã‚µãƒ ãƒ©ã‚¤ãƒãƒƒã‚¯ Pernah WO ç·è£é¸ç«‹å€™è£œ Gaelic Whoosh Whoosh #AlamGanjar https://t.co/4rLG2Rff9F";0;0;0;2;ja;1669168325862248449;1709398683312386407;marpaunggor;https://twitter.com/marpaunggor/status/1709398683312386407
Wed Oct 04 02:42:59 +0000 2023;1709398679910797353;"lama lama perdebatan genZ ini overrated juga ya";0;0;0;3;in;576162457;1709398679910797353;akhlakminus;https://twitter.com/akhlakminus/status/1709398679910797353
Wed Oct 04 02:42:42 +0000 2023;1709398609651753083;"@redpepper1011 Happy birthday my dude!";0;0;0;1;en;1507237295585382408;1709069276777206094;68wpiper;https://twitter.com/68wpiper/status/1709398609651753083
Wed Oct 04 02:42:40 +0000 2023;1709398603251212465;"@Tesaraia Ty man, yeah I see YouTube starting to taper off, however with Gen Z YouTube is huge, weirdly enough.";0;0;0;1;en;1411717537;1709354557333975339;coreycosta123;https://twitter.com/coreycosta123/status/1709398603251212465
Wed Oct 04 02:42:23 +0000 2023;1709398532220965323;"@eckyagassi Yekali Usam masih masuk Gen Z ğŸ¤£ğŸ¤£ğŸ¤£";0;0;0;0;in;131442239;1709380529655882124;zulfikartito;https://twitter.com/zulfikartito/status/1709398532220965323
Wed Oct 04 02:42:09 +0000 2023;1709398472896680083;"TOP 5 VIRAL VIDEO Oklin Fia Rabu  https://t.co/bkkl261NXS Alika Viral   https://t.co/eFhFiUTkzl Rebecca Klopper 11 Menit  https://t.co/yxV2Z5NjsW Syakirah   https://t.co/Ki2ay6lDY9 Bayindir Amanda Manopo Onana SEMALEM jodie hamil Man United SarapanManchester United Gen Z https://t.co/aywinA5SgU";0;0;0;0;in;908554214;1709398472896680083;sammicross1996;https://twitter.com/sammicross1996/status/1709398472896680083
Wed Oct 04 02:42:08 +0000 2023;1709398468433719579;"@Tierrad09775265 @Juicifer19 @carolinetrying Thereâ€™s gun control in Baltimoreâ€¦whatâ€™s so hard for Gen Z leftists to comprehend..you will not solve an issue of criminals and their demented minds with taking away guns";0;0;0;0;en;1461466724470075392;1709395160302539000;Jay_From_NYC;https://twitter.com/Jay_From_NYC/status/1709398468433719579
Wed Oct 04 02:42:00 +0000 2023;1709398434300731597;"@glrhn Gua gen z, baru kerja disini 7 bulanan. awalnya gua beneran bingung kudu ngapain, tpi sm senior senior yg emng gen milenial, gw dirangkul. gua org yg bener bener malu buat nanya, jdi mereka yg ngasi gua kerjaan. entah itu fotokopi, print, scan, atau nulis nomer surat --";0;1;0;0;in;1124266991580094465;1709189370623012963;Ghie_Lun;https://twitter.com/Ghie_Lun/status/1709398434300731597
Wed Oct 04 02:41:58 +0000 2023;1709398427296248257;"@ozarangkuti gapapa bang, aku sebagai gen z mengakui ituğŸ˜”";0;0;0;0;in;2272390015;1709397646786572507;disureni;https://twitter.com/disureni/status/1709398427296248257
Wed Oct 04 02:41:55 +0000 2023;1709398415036326172;"Rabu Indonesia 4 Oktober  #DemiIndonesia IKN Nusantara 0 KM Presiden RI  APBN 2024 Gen Z Reformasi Belum Selesai  #filateli Jakarta  SHP PIN Merah Putih #library #stamp #galery Rp 1 M   Reformasi  09.09.99:09 Asembagus, 68373 Sembilan Sembilan  Situbondo Tapal Kuda  Jawa Timur https://t.co/GJ8W6hOikh";0;0;0;0;in;1282189671728967681;1709398415036326172;wongkhojin;https://twitter.com/wongkhojin/status/1709398415036326172
Wed Oct 04 02:41:49 +0000 2023;1709398387928244409;"On est sur que Gogolito c'est le fils lÃ©gitime de Al Davis ?  Y'a pas moyen de faire un test ADN ? Ave cun peu de chance Al n'est pas le pÃ¨re et Gogolito doit rendre la franchise ? #oncherchedessoluces";0;0;0;1;fr;1376649190512689159;1709398387928244409;JustGenzBaby;https://twitter.com/JustGenzBaby/status/1709398387928244409
Wed Oct 04 02:41:39 +0000 2023;1709398348200100118;"Aku gen z dan aku petani";0;0;0;0;in;277452225;1709398348200100118;muhdafgas;https://twitter.com/muhdafgas/status/1709398348200100118
Wed Oct 04 02:41:38 +0000 2023;1709398343624065103;"@infoXwor_ Gua sebagai millenial merasa candaan gen z awal nya cuma lucu2an malah makin serius dan sudah ga objektif, okelah stereotype generasi emang ada tapi kan ga bisa dipukul rata ke setiap orang. Gua millenial mau 30 masih banyak tuh kelakuan kek gen z juga mungkin lebih parah ğŸ¤£.";0;0;0;0;in;1381254353420361734;1709375717597909005;GothraS;https://twitter.com/GothraS/status/1709398343624065103
Wed Oct 04 02:41:37 +0000 2023;1709398339614310821;"aneh bgt, kalo lu mau healing jg silahkan healing, pake judge anak gen z segala, jadi kek orang iri anjir";0;0;0;0;in;1157162323355639808;1709398339614310821;heykimdoyoung;https://twitter.com/heykimdoyoung/status/1709398339614310821
Wed Oct 04 02:41:27 +0000 2023;1709398295318086114;"Rahmat Erwin Abdullah Gen Z aku mencintai kalian semua åµãƒ»æ«»äº•ç¿” Ganjar Lebih Baik åŸç›£ç£é€€ä»» RM of BTS Amanda Manopo #Suzy #ã‚µãƒ ãƒ©ã‚¤ãƒãƒƒã‚¯ Pernah WO ç·è£é¸ç«‹å€™è£œ Gaelic Whoosh Whoosh #AlamGanjar https://t.co/o3QgmTCSf3";0;0;0;3;ja;1668832289562955781;1709398295318086114;Masparabot;https://twitter.com/Masparabot/status/1709398295318086114
Wed Oct 04 02:41:23 +0000 2023;1709398278863983019;"@stephvalentina_ perlu didefinisikan dulu capeknya, 1. Capek yang ga perform 2. Capek yang udah sesuai job desk dan gamau overwork gw gen Z juga dan setuju sama yang kedua, tapi orang kek tipe pertama ini banyak juga di rekan gw, jatuhnya ngeselin";0;0;0;0;in;1276531960760819712;1709272415145259460;regregety;https://twitter.com/regregety/status/1709398278863983019
Wed Oct 04 02:41:17 +0000 2023;1709398252729344214;"@akunusam At least dianggap gen z";0;1;0;0;in;1687388177798221825;1709262930200719722;mbakhayu;https://twitter.com/mbakhayu/status/1709398252729344214
Wed Oct 04 02:41:09 +0000 2023;1709398219309142022;"@infoXwor_ Ngatain gen z merasa paling susah, eh ngekritik dengan perasaan paling susah waktu kerja juga perbandingannya. Masing2 ada porsi susahnya bro, cara mengekspresikannya yg beda2. Chill aja brody";0;0;0;0;in;2439921354;1709375717597909005;ahmadsyahrul_03;https://twitter.com/ahmadsyahrul_03/status/1709398219309142022
Wed Oct 04 02:40:58 +0000 2023;1709398176397213784;"@lerkvd Wkwkwkw ke konter bang, ayo konter balik gen z tukang zinah @ozarangkuti";0;0;0;0;in;620005411;1709246614379069853;Ihsandoaibu;https://twitter.com/Ihsandoaibu/status/1709398176397213784
Wed Oct 04 02:40:56 +0000 2023;1709398165169045587;"Bocoran Slot Gacor Hari Ini Rabu, 04 October 2023 Link Daftar :  https://t.co/e7cnXF9u9G  Amanda Manopo Gen Z aku mencintai kalian semua Prabowo Rahmat Erwin Abdullah RM of BTS MOMO PARIS FASHION WEEK iOS 17.1 Pagiii Pernah WO #TikTokshop Whoosh Myanmar #BaeSuzy Ganjar Lebih Baik https://t.co/mVJZCm47Jh";0;0;0;0;in;1503248295547744262;1709398165169045587;kingbet77;https://twitter.com/kingbet77/status/1709398165169045587
Wed Oct 04 02:40:48 +0000 2023;1709398133833187608;"@Neoavatara I think the 3-5 house seats that are w/in the scope of the SCOTUS Alabama decision, and the three soft GOP seats in NY that may end up being redistricted, may change that calculus. Between Dobbs, Gen Z expansion, and older voters dying, the House is not as safe as you think.";0;0;0;1;en;1000753912725590016;1709359582705783116;TMtfromcc;https://twitter.com/TMtfromcc/status/1709398133833187608
Wed Oct 04 02:40:33 +0000 2023;1709398068125462977;"What gen z did the LA Kings hire for their music.. itâ€™s all Tik Tok music.  Bring back the classics  ğŸµ";0;0;0;2;en;1598971043938390017;1709398068125462977;annetteshekoian;https://twitter.com/annetteshekoian/status/1709398068125462977
Wed Oct 04 02:39:59 +0000 2023;1709397926219559423;"@kinantiepm @ozarangkuti gen z ditempatku bekerja kalo gak diteriakin gak masuk di otaknya, besoknya dah lupa lagi, dikasih tau berkali2 ttep lupa, tp klo diteriakin 1x pun diingat seterusnya, kdang pas ngejelasin ke 2x w bilang "ini ga perlu aku teriakin km hrs ingat ya" bru dicatat";0;0;0;0;in;1332625941890101249;1709111224846409756;lvlylilsstr;https://twitter.com/lvlylilsstr/status/1709397926219559423
Wed Oct 04 02:39:57 +0000 2023;1709397917088575744;"@aorwiki à¸¡à¸µà¸‹à¸µà¸™à¹à¸•à¹ˆà¸‹à¸µà¸™à¸„à¸¸à¸“à¹à¸¢à¹ˆà¸¡à¸²à¸";0;0;0;0;th;831173930970779648;1709278022564802833;dramatic_genZ;https://twitter.com/dramatic_genZ/status/1709397917088575744
Wed Oct 04 02:39:43 +0000 2023;1709397860507177310;"@Bugoflagos Even Ebuka looked the part, it's a genz season";0;0;0;1;en;1551536348850446337;1709195166643310965;therealredGem;https://twitter.com/therealredGem/status/1709397860507177310
Wed Oct 04 02:39:43 +0000 2023;1709397858666049790;"Padahal gen baru selalu dituntut punya kapasitas kecerdasan lbh dari gen sebelumnya. Pelajaran sekolah yg lebih sulit &amp  rumit, les, kursus ini itu. Tapi walaupun Gen Z sdh membuktikan bahwa Gen Z lebih cerdas, kualitas hidup Gen Z tetep â€˜dipaksaâ€™ untk ga bisa beli apa-apa. Soâ€¦";0;0;0;0;in;175944254;1709396248304959758;runofwords;https://twitter.com/runofwords/status/1709397858666049790
Wed Oct 04 02:39:42 +0000 2023;1709397854408905058;"@kreatoramatir_ Emg g jelas. Gw yg bukan gen z aja gedeg ngeliat perang antar gen gini. Most of the time yg tua merasa superior, pdhl dulunya bisa aja ngalamin hal serupa. Tiap gen ada aja yg didramain pdhl emg beda zaman. Pengen drop meme adu nasib antar gen yg dari zaman purba tapi ga nemu. ğŸ™„";0;0;0;1;in;1108981635960037376;1709132590358347828;ngidamlele;https://twitter.com/ngidamlele/status/1709397854408905058
Wed Oct 04 02:39:33 +0000 2023;1709397818233045224;"@rahadiiens aku merasa kalo gen z 1997-2003 itu beda jenis gen z sama yg di atas 2004";0;0;0;0;in;1314479416014110720;1709382098770161730;fueledbyindomee;https://twitter.com/fueledbyindomee/status/1709397818233045224
Wed Oct 04 02:39:32 +0000 2023;1709397812700471636;"@caepmius @BobJone76741561 @bordenone @wileywench @Leebee2nd @KaitlinFish8 @KeysMan19 @BackAvatar @thegreatgig8 @ThomasJode @Tommy__2020 @AntiquarianMuse @duck_command @HLStockenstrom @genz_rules @CrunkDweetings @NoDynynTruth @jamsham69 @Repo1127 @3MC223 @TheUnrealMikeC @TheRealCB20 @jackson_shole @SWHMichigan77 https://t.co/9LwVFatBFZ";0;0;0;1;qme;1315220297784713217;1709329017441063207;antifa_command;https://twitter.com/antifa_command/status/1709397812700471636
Wed Oct 04 02:39:17 +0000 2023;1709397750390153312;"Millennials feel hatred for gen Z because millennials were/are hated by the generations before them too";0;0;0;1;en;1414932409678647301;1709397750390153312;Genshinquisitor;https://twitter.com/Genshinquisitor/status/1709397750390153312
Wed Oct 04 02:39:06 +0000 2023;1709397703535235234;"If youâ€™ve recently been kicked off your parents insurance then you can claim â€œyoung millennialâ€ status.  The rest of yâ€™all are gen z.";0;0;0;0;en;520745467;1709397703535235234;lexibexwrites;https://twitter.com/lexibexwrites/status/1709397703535235234
Wed Oct 04 02:38:58 +0000 2023;1709397671868240319;"@Cvbez link?";0;0;0;0;en;1660796051228327937;1709356382569345519;uhhGenz;https://twitter.com/uhhGenz/status/1709397671868240319
Wed Oct 04 02:38:57 +0000 2023;1709397665291882923;"sotau kontol wkwkw gue kerja di mana mayoritas smua mba/mas gen millenial dan cuma gue doang gen z mana tuh mna mereka seringan yg posting di sosmed ini itu wkwkwk simpan untuk diri sendiri taii";0;0;0;0;in;768631329122496512;1709397665291882923;esmenour;https://twitter.com/esmenour/status/1709397665291882923
Wed Oct 04 02:38:55 +0000 2023;1709397657758937189;"@akunusam plusss jokes jaksel, ntar dia bilang dimana2 gua diserang SJW twiter lah padahal diaa yang mancing dengan statement tolol dan genelarisil semua Gen z kan agak laen.";0;0;0;0;in;1274522424407515136;1709262930200719722;irfansetiawaann;https://twitter.com/irfansetiawaann/status/1709397657758937189
Wed Oct 04 02:38:52 +0000 2023;1709397646786572507;"Cukup lah ngata2in gen Z di twitter nya. Udah kebanyakan yang tersinggung beneran sampe ngeDM2. Saya cuman bercanda ya teman2. Jangan diseriusin. Millienial kayak gw juga sebenernya sama aja kayak gen z kok kelakuannya. Have a good day guys ğŸ™";13;66;22;134;in;174799330;1709397646786572507;ozarangkuti;https://twitter.com/ozarangkuti/status/1709397646786572507
Wed Oct 04 02:38:51 +0000 2023;1709397640834941298;"Rahmat Erwin Abdullah Gen Z aku mencintai kalian semua åµãƒ»æ«»äº•ç¿” Ganjar Lebih Baik åŸç›£ç£é€€ä»» RM of BTS Amanda Manopo #Suzy #ã‚µãƒ ãƒ©ã‚¤ãƒãƒƒã‚¯ Pernah WO ç·è£é¸ç«‹å€™è£œ Gaelic Whoosh Sarapan PrabowoÂ à¸à¸±à¸™à¸­à¸£à¸£à¸–à¸à¸±à¸™ Onana Pks APBN https://t.co/HKxb5kohpA";0;0;0;1;in;1612007847054938114;1709397638892982597;SyarifahNistiy1;https://twitter.com/SyarifahNistiy1/status/1709397640834941298
Wed Oct 04 02:38:50 +0000 2023;1709397638892982597;"Rahmat Erwin Abdullah Gen Z aku mencintai kalian semua åµãƒ»æ«»äº•ç¿” Ganjar Lebih Baik åŸç›£ç£é€€ä»» RM of BTS Amanda Manopo #Suzy #ã‚µãƒ ãƒ©ã‚¤ãƒãƒƒã‚¯ Pernah WO ç·è£é¸ç«‹å€™è£œ Gaelic Whoosh Sarapan PrabowoÂ à¸à¸±à¸™à¸­à¸£à¸£à¸–à¸à¸±à¸™ Onana Pks APBN https://t.co/8W5OMajwO3";0;1;0;1;in;1612007847054938114;1709397638892982597;SyarifahNistiy1;https://twitter.com/SyarifahNistiy1/status/1709397638892982597
Wed Oct 04 02:38:46 +0000 2023;1709397619091632248;""Bang ada yg tersinggubg bang @ozarankguti" "Blablabla tanpa blablabla juga ga jadi apa-apa" "Bukanya ketawa malah tersinggung" "Gen z nya marah bang" https://t.co/VNCHqYTz81";0;2;0;2;in;259252923;1709262930200719722;akunusam;https://twitter.com/akunusam/status/1709397619091632248
Wed Oct 04 02:38:40 +0000 2023;1709397596840841704;"@glrhn Di luar "di sini gini, di situ gitu", kami di Tirto riset ke 1.500 orang Gen Z dan Milenial buat bandingin apa yang menurut mereka penting di kerjaan dan gimana mereka bekerja. Hasilnya gini. https://t.co/deWbjwUClF  Seperti kt @BanyuSadewa mereka peduli banget perkara mental.";0;0;0;0;in;24796258;1709189370623012963;farsmccrory;https://twitter.com/farsmccrory/status/1709397596840841704
Wed Oct 04 02:38:38 +0000 2023;1709397588674486560;"#LinovFren, punya pengalaman unik ga kerja sama gen z? ğŸ˜‹";0;0;0;0;in;1634148512794550272;1709397588674486560;LinovCommunity;https://twitter.com/LinovCommunity/status/1709397588674486560
Wed Oct 04 02:38:38 +0000 2023;1709397586627436665;"Blue feels like a Millennial doing an impression of Gen Z. #BigBrother25";0;0;0;0;en;59986276;1709397586627436665;AllyWetz;https://twitter.com/AllyWetz/status/1709397586627436665
Wed Oct 04 02:38:30 +0000 2023;1709397553723375838;"Ganjar Pranowo lebih baik dan sosok pemimpin yang dicintai rakyat  Siam Paragon | Amanda Manopo | Gen Z | Whoosh | Onana | #GanjarPresiden2024 | Pernah WO | Myanmar https://t.co/g5lSqqSt36";0;0;0;0;in;1589585115247964160;1709397553723375838;kakayayuk;https://twitter.com/kakayayuk/status/1709397553723375838
Wed Oct 04 02:38:28 +0000 2023;1709397547012554820;"Ganjar Pranowo lebih baik dan sosok pemimpin yang dicintai rakyat  Siam Paragon | Amanda Manopo | Gen Z | Whoosh | Onana | #GanjarPresiden2024 | Pernah WO | Myanmar https://t.co/eETyjOAKx4";0;0;0;0;in;1589611003821830146;1709397547012554820;nanaataunono;https://twitter.com/nanaataunono/status/1709397547012554820
Wed Oct 04 02:38:28 +0000 2023;1709397544114270483;"@jichuw begini yah ngobrol sama older people yang engga tau update an tentang gen z? ğŸ˜”";0;0;0;0;in;2246729856;1706671604250611878;seezun;https://twitter.com/seezun/status/1709397544114270483
Wed Oct 04 02:38:27 +0000 2023;1709397542251934000;"Ganjar Pranowo lebih baik dan sosok pemimpin yang dicintai rakyat  Siam Paragon | Amanda Manopo | Gen Z | Whoosh | Onana | #GanjarPresiden2024 | Pernah WO | Myanmar https://t.co/sWkvVudICu";0;0;0;0;in;1589530113695436802;1709397542251934000;zaenaban;https://twitter.com/zaenaban/status/1709397542251934000
Wed Oct 04 02:38:27 +0000 2023;1709397539479585093;"Aku tinggal di Indonesia, negara ğŸ¤¡ Sukanya main PS pake Arsenal dari SMP, tim ğŸ¤¡ Menyukai Kim Dahyun dan Kang Seulgi ğŸ¤¡ğŸ¤¡ Aku Gen Z ğŸ¤¡  Damn ğŸ¤¡ğŸ¤¡ğŸ¤¡ğŸ¤¡ğŸ¤¡ 5 point.";0;0;0;0;in;1041825439;1709397539479585093;DSagha;https://twitter.com/DSagha/status/1709397539479585093
Wed Oct 04 02:38:26 +0000 2023;1709397536883253645;"Ganjar Pranowo lebih baik dan sosok pemimpin yang dicintai rakyat  Siam Paragon | Amanda Manopo | Gen Z | Whoosh | Onana | #GanjarPresiden2024 | Pernah WO | Myanmar https://t.co/nalbOlwlDu";0;0;0;0;in;1589807580712345600;1709397536883253645;ccprmth;https://twitter.com/ccprmth/status/1709397536883253645
Wed Oct 04 02:38:26 +0000 2023;1709397535440375992;"Pernah ngajar nak ODP baru yg sekelas isinya didominasi Gen Z dan beberapa milenial.  Attitude, manner, work rate mereka oke2 aja kok gak ada masalah. Kalo ada yg ngeluh tiap ketemu staf gen Z selalu bermasalah, mungkin pola screening rekrutmennya yg perlu dibenerin.";0;0;1;1;in;53322619;1709397535440375992;rgoestama;https://twitter.com/rgoestama/status/1709397535440375992
Wed Oct 04 02:38:25 +0000 2023;1709397530755391563;"Ganjar Pranowo lebih baik dan sosok pemimpin yang dicintai rakyat  Siam Paragon | Amanda Manopo | Gen Z | Whoosh | Onana | #GanjarPresiden2024 | Pernah WO | Myanmar https://t.co/uEfgO1ijeR";0;0;0;0;in;1589818261524271104;1709397530755391563;mustikakur;https://twitter.com/mustikakur/status/1709397530755391563
Wed Oct 04 02:38:24 +0000 2023;1709397528700232172;"i am begging anyone and everyone who reads this, especially gen z, to please... PLEASE be careful in who you vote to congress. the presidential election isn't the only important one pls pay attention to your local politicians and keep them accountable i am BEGGING YOUUUUU";0;0;2;2;en;1199833865151365127;1709397528700232172;deulkkot7;https://twitter.com/deulkkot7/status/1709397528700232172
Wed Oct 04 02:38:23 +0000 2023;1709397525549965354;"@JeffBullard16 @cullo14_mc Oh, you must think Iâ€™m Gen Z. Nah, bro. Iâ€™ve had enough decades to see it happen to some people, while others actually do broaden their horizons and seem to care MORE about others outside their own little circle.";0;0;0;0;en;130872355;1709280820161294409;WitsEndHanging;https://twitter.com/WitsEndHanging/status/1709397525549965354
Wed Oct 04 02:38:23 +0000 2023;1709397524807819582;"Ganjar Pranowo lebih baik dan sosok pemimpin yang dicintai rakyat  Siam Paragon | Amanda Manopo | Gen Z | Whoosh | Onana | #GanjarPresiden2024 | Pernah WO | Myanmar https://t.co/MogWyVWotj";0;0;0;0;in;1589822421829156866;1709397524807819582;mikhaj3;https://twitter.com/mikhaj3/status/1709397524807819582
Wed Oct 04 02:38:22 +0000 2023;1709397519846056319;"Sebagai milenial mepet gen z, Aku jg ogah kerja klo kuliat 1. Outputny ga jelas 2. Atasannya bego dan ga kasih contoh. 3. Atasannya males   Kalo outputnya jelas dampaknya bagus, atasanku pinter dan rajin, dan aku ada benefit, Lembur sampe malem pun bolehlah. Tpi jgn sering2 wkwk";0;0;0;1;in;1697630718669836288;1709397519846056319;Popipu162022;https://twitter.com/Popipu162022/status/1709397519846056319
Wed Oct 04 02:38:22 +0000 2023;1709397518910669216;"Ganjar Pranowo lebih baik dan sosok pemimpin yang dicintai rakyat  Siam Paragon | Amanda Manopo | Gen Z | Whoosh | Onana | #GanjarPresiden2024 | Pernah WO | Myanmar https://t.co/SXuVqUnjFL";0;0;0;0;in;1589825960152813570;1709397518910669216;lalaoctv;https://twitter.com/lalaoctv/status/1709397518910669216
Wed Oct 04 02:38:21 +0000 2023;1709397516347937034;"Gen z ga smuanya problematik kok, klo lagi nemu yang promblematik anggep aja dia lagi prses menuju yng lebih baik smua orang ada part buruknya, bener kata @rio_dumatubun zaa @ozarangkuti stand up komedian ga semua materinya bagus ada yang tolol juga";0;0;0;0;in;1297322818116321281;1709397516347937034;Mumettipis;https://twitter.com/Mumettipis/status/1709397516347937034
Wed Oct 04 02:38:20 +0000 2023;1709397510576607582;"Ganjar Pranowo lebih baik dan sosok pemimpin yang dicintai rakyat  Siam Paragon | Amanda Manopo | Gen Z | Whoosh | Onana | #GanjarPresiden2024 | Pernah WO | Myanmar https://t.co/0BKkf5lgwc";0;0;0;0;in;1589831757742104577;1709397510576607582;mandasmh;https://twitter.com/mandasmh/status/1709397510576607582
Wed Oct 04 02:38:07 +0000 2023;1709397455266345380;"@brian_tromburg Oh, sorry.  I am by no means a cool kid, but I talk to some of them on Discord, &amp  this is probably the best new bit of slang Gen Z has ever cooked up.  It refers to people behaving like the non-player characters in a video game...no critical thought. https://t.co/3q7fN65eS5";0;1;0;1;en;887121344290103296;1709197967805342016;AmysMargin;https://twitter.com/AmysMargin/status/1709397455266345380
Wed Oct 04 02:38:06 +0000 2023;1709397454448411088;"@SifaaAw Iya sif gen z tuh dicap jelek bgt kalau dikerjaan, soalnya rata2 yg diomongin tuh yg lg magang, itu pun kebanyakan diliat dari konten dan aku gasuka jg selalu dimisuh2 (apalagi kalau mrk kerja sesuai porsi) sedangkan yg ngomongin ini biasanya dikasih kerja tambahan dari atasan :)";0;0;0;0;in;494816511;1709365199097225574;adisnrlta;https://twitter.com/adisnrlta/status/1709397454448411088
Wed Oct 04 02:38:03 +0000 2023;1709397440846274602;"jokes gen z dan jaksel";0;0;0;0;in;1012680984;1709397440846274602;iwaizus;https://twitter.com/iwaizus/status/1709397440846274602
Wed Oct 04 02:38:03 +0000 2023;1709397438988181607;"Ganjar Pranowo lebih baik dan sosok pemimpin yang dicintai rakyat  Siam Paragon | Amanda Manopo | Gen Z | Whoosh | Onana | #GanjarPresiden2024 | Pernah WO | Myanmar https://t.co/9TmXIEQwbl";0;0;0;0;in;1590318914654740480;1709397438988181607;nishapp9;https://twitter.com/nishapp9/status/1709397438988181607
Wed Oct 04 02:38:01 +0000 2023;1709397433824981488;"- Cold outreached the co-founder of Wildr, a Silicon Valley startup building an anti-toxic social media platform, joining as their 1st international hire and 1st Account Executive, acquiring and managing Gen Z influencers";0;1;0;0;en;474383896;1709397427223200188;DanBrockwell;https://twitter.com/DanBrockwell/status/1709397433824981488
Wed Oct 04 02:38:01 +0000 2023;1709397432122171705;"@_chilluy Alhamdullilah gen z bisa bikin blio makanğŸ˜ŠğŸ™ğŸ»";0;0;0;0;in;570569345;1709394696794214558;Perdendossi;https://twitter.com/Perdendossi/status/1709397432122171705
Wed Oct 04 02:38:00 +0000 2023;1709397427709779984;"Ganjar Pranowo lebih baik dan sosok pemimpin yang dicintai rakyat  Siam Paragon | Amanda Manopo | Gen Z | Whoosh | Onana | #GanjarPresiden2024 | Pernah WO | Myanmar https://t.co/TZPjEOqNqN";0;0;0;0;in;1590601790445473792;1709397427709779984;yunitamln;https://twitter.com/yunitamln/status/1709397427709779984
Wed Oct 04 02:37:59 +0000 2023;1709397422185820611;"banyak kok gen z yg bisa kerja, kerjaan cepet, kreatif juga. namanya ngeluh mah wajar lah. kebetulan aja mereka lebih terbuka soal ngeluh ini.";0;0;0;0;in;742999749612208128;1709397422185820611;RianiOesman;https://twitter.com/RianiOesman/status/1709397422185820611
Wed Oct 04 02:37:57 +0000 2023;1709397416875798960;"Gen Z, generasi pay later ?";0;0;0;0;ht;765046936537862144;1709397416875798960;simpan_id;https://twitter.com/simpan_id/status/1709397416875798960
Wed Oct 04 02:37:45 +0000 2023;1709397364614545724;"He was getting the nastiest backshots of his life oml https://t.co/zq1d8iJvvj";0;1;1;4;en;3271391930;1709397364614545724;SkyGenz;https://twitter.com/SkyGenz/status/1709397364614545724
Wed Oct 04 02:37:37 +0000 2023;1709397332981412072;"Bocoran Slot Gacor Hari Ini | Info Slot Gacor Terpercaya  Rahmat Erwin Abdullah Amanda Manopo Gen Z MOMO PARIS FASHION WEEK Morn #Suzy Pagiiii #RESPECTHANYUJIN JENO JAEMIN #FLAME_RISES_IN_JAKARTA  #slotgacor #slotgacorhariini #slotgacorterbaru https://t.co/ScMQHnI7zn";0;0;0;0;in;2259500636;1709397332981412072;Coachellabella;https://twitter.com/Coachellabella/status/1709397332981412072
Wed Oct 04 02:37:33 +0000 2023;1709397313876382156;"Info Situs Terpercaya Slot Gacor Hari Ini  Rahmat Erwin Abdullah Amanda Manopo Gen Z MOMO PARIS FASHION WEEK Morn #Suzy Pagiiii #RESPECTHANYUJIN JENO JAEMIN #FLAME_RISES_IN_JAKARTA  #slotgacor #slotgacorhariini #slotgacorterbaru https://t.co/NouSb1dgkk";0;0;0;0;in;2164687525;1709397313876382156;Acil_Bouus;https://twitter.com/Acil_Bouus/status/1709397313876382156
Wed Oct 04 02:37:31 +0000 2023;1709397306783740370;"Sebenarnya si @ozarangkuti ada masalah apaan sih sama Gen Z. Gen-gen yg lain kok gapernah disinggung. Yang adil dong, kalau mau nge-roasting. Ini mah turun temurun gen di atas selalu roasting gen yang di bawah. Dan komedi dia cmn muter muter di situ2 aja.";0;0;0;0;in;1668998210063310849;1709397306783740370;kaifannakaya;https://twitter.com/kaifannakaya/status/1709397306783740370
Wed Oct 04 02:37:31 +0000 2023;1709397306280419376;"hebat emg negeri wakanda, kasus pembunuhan aja bisa ga karu2an. apalagi cuma kasus rampok, tipu2 rakyat jelata. bebas semua. ntah ada hukum ntah ngga.  #IceCold Penipu Amanda Manopo Icuk Suharyanto Babi Gen Z https://t.co/aIBmHHl0qN";0;0;0;0;in;1636625719567568904;1709397306280419376;IcukYantoo;https://twitter.com/IcukYantoo/status/1709397306280419376
Wed Oct 04 02:37:26 +0000 2023;1709397283966747082;"Rahmat Erwin Abdullah Gen Z aku mencintai kalian semua åµãƒ»æ«»äº•ç¿” Ganjar Lebih Baik åŸç›£ç£é€€ä»» RM of BTS Amanda Manopo #Suzy #ã‚µãƒ ãƒ©ã‚¤ãƒãƒƒã‚¯ Pernah WO ç·è£é¸ç«‹å€™è£œ Gaelic Whoosh Sarapan PrabowoÂ à¸à¸±à¸™à¸­à¸£à¸£à¸–à¸à¸±à¸™ Onana Pks APBN https://t.co/cIHEoZGpNi";0;0;0;0;in;1611677980480385025;1709397281890562231;DaraFildzah;https://twitter.com/DaraFildzah/status/1709397283966747082
Wed Oct 04 02:37:25 +0000 2023;1709397281890562231;"Rahmat Erwin Abdullah Gen Z aku mencintai kalian semua åµãƒ»æ«»äº•ç¿” Ganjar Lebih Baik åŸç›£ç£é€€ä»» RM of BTS Amanda Manopo #Suzy #ã‚µãƒ ãƒ©ã‚¤ãƒãƒƒã‚¯ Pernah WO ç·è£é¸ç«‹å€™è£œ Gaelic Whoosh Sarapan PrabowoÂ à¸à¸±à¸™à¸­à¸£à¸£à¸–à¸à¸±à¸™ Onana Pks APBN https://t.co/LW35UCv28C";0;1;0;0;in;1611677980480385025;1709397281890562231;DaraFildzah;https://twitter.com/DaraFildzah/status/1709397281890562231
Wed Oct 04 02:37:22 +0000 2023;1709397266761728332;"Rahmat Erwin Abdullah Gen Z aku mencintai kalian semua åµãƒ»æ«»äº•ç¿” Ganjar Lebih Baik åŸç›£ç£é€€ä»» RM of BTS Amanda Manopo #Suzy #ã‚µãƒ ãƒ©ã‚¤ãƒãƒƒã‚¯ Pernah WO ç·è£é¸ç«‹å€™è£œ Gaelic Whoosh Whoosh #AlamGanjar https://t.co/q5cxcPgm5F";0;0;0;2;ja;1671775910100602880;1709397266761728332;nabillsaras;https://twitter.com/nabillsaras/status/1709397266761728332
Wed Oct 04 02:37:18 +0000 2023;1709397250156474477;"@Roshan_Rinaldi Patty Murray. I thinkâ€¦butâ€¦huh. Not sure. Gads!! Gen Z will know this answer when theyâ€™re seniors though, lol. And they have probably already researched this today as well. Do you know?";0;1;0;2;en;1427387468526063626;1709392488296063339;HuckSawyer1;https://twitter.com/HuckSawyer1/status/1709397250156474477
Wed Oct 04 02:37:15 +0000 2023;1709397237116145764;"@bananakIipp ur not gen zâ€¦";0;0;0;0;en;884504451071057921;1709379779357790415;wholelotttareal;https://twitter.com/wholelotttareal/status/1709397237116145764
Wed Oct 04 02:37:14 +0000 2023;1709397235598012918;"gen z nek pabrikku nek ora di bengok ora nyantol nek uteke, di warah ping 100x pun percuma, 1 kali dengan teriakan lebih maanjur";0;0;0;0;in;1332625941890101249;1709397235598012918;lvlylilsstr;https://twitter.com/lvlylilsstr/status/1709397235598012918
Wed Oct 04 02:37:13 +0000 2023;1709397228786442749;"@lerkvd awas nanti dibilang gen z mental cupu baperan";0;0;0;0;in;1366590301104529409;1709246614379069853;localheartz;https://twitter.com/localheartz/status/1709397228786442749
Wed Oct 04 02:37:09 +0000 2023;1709397212701057093;"Gen Z";0;0;0;0;nl;1125438180210221057;1709397212701057093;sassysilver3;https://twitter.com/sassysilver3/status/1709397212701057093
Wed Oct 04 02:36:45 +0000 2023;1709397113296367865;"buset banyak bet yg ke trigger joke gen z ini wkwkkw";0;0;0;0;in;1427193297525563400;1709397113296367865;BienLNF;https://twitter.com/BienLNF/status/1709397113296367865
Wed Oct 04 02:36:26 +0000 2023;1709397033680027770;"@paman82 @Mdy_Asmara1701 @aniesbaswedan @sutanmangara @pakaipeci @ekowboy2 @choymarkochoy @marlina_idha Saya aja ga ada yg follow tah ğŸ¤£";0;0;0;1;in;1659064953687666688;1709219650712776940;jejechoen;https://twitter.com/jejechoen/status/1709397033680027770
Wed Oct 04 02:36:20 +0000 2023;1709397007524360241;"Rahmat Erwin Abdullah Gen Z aku mencintai kalian semua åµãƒ»æ«»äº•ç¿” Ganjar Lebih Baik åŸç›£ç£é€€ä»» RM of BTS Amanda Manopo #Suzy #ã‚µãƒ ãƒ©ã‚¤ãƒãƒƒã‚¯ Pernah WO ç·è£é¸ç«‹å€™è£œ Gaelic Whoosh Whoosh #AlamGanjar https://t.co/wgcGWWkHZj";0;0;0;4;ja;1668864558759575553;1709397007524360241;RelianaGina;https://twitter.com/RelianaGina/status/1709397007524360241
Wed Oct 04 02:36:19 +0000 2023;1709397005217247370;"@allonsonimo @percytrailer Reminds me of my littlest brother at that age as well so I get ya there.   I wonder if/when the cast will realize they have a worldwide army of younger millennials and eldest Gen Z that want to protect them.";0;0;0;0;en;520745467;1709050083444969977;lexibexwrites;https://twitter.com/lexibexwrites/status/1709397005217247370
Wed Oct 04 02:36:13 +0000 2023;1709396976893313412;"Tiktok Shop PKS tolak revisi UU ikn Rahmat Erwin Abdullah Kiper Xpresi Pernah WO Rabu Cegil Renjun aku mencintai kalian semua pagiii emyulaos Nomin Jaya Jaya Jaya gen z Prabowo Myanmar Amanda Manopo";0;0;0;1;in;1663234299720777729;1709396976893313412;dinaliapy;https://twitter.com/dinaliapy/status/1709396976893313412
Wed Oct 04 02:36:12 +0000 2023;1709396973437256156;"@IniManda0302 @kinantiepm @ozarangkuti Hmm saya bukan genz, tapi punya poin 1 dan 2. Aku masuk klasifikasi gen apa ğŸ˜­";0;0;0;0;in;1701446516702052353;1709111224846409756;denari94;https://twitter.com/denari94/status/1709396973437256156
Wed Oct 04 02:36:08 +0000 2023;1709396956706165180;"@stephvalentina_ Maka dr itu sya himbau agar gen z belajar crypto currency Life changing money is there";0;0;0;0;in;3410095273;1709272415145259460;Bobbythecat32;https://twitter.com/Bobbythecat32/status/1709396956706165180
Wed Oct 04 02:36:06 +0000 2023;1709396949278110113;"Pengusaha Muda Indonesia Harus Siap Hadapi Tantangan 2045. selengkapnya: https://t.co/mplpQX77nf  Trending -&gt  onana manchester united amanda manopo prabowo maguire pernah WO Gen Z myanmar Arsenal aku mencintai kalian semua https://t.co/1Ug3EqJ0E3";0;0;0;0;in;1546727552881815552;1709396949278110113;GardanasionalRI;https://twitter.com/GardanasionalRI/status/1709396949278110113
Wed Oct 04 02:36:03 +0000 2023;1709396935176814594;"Gen Z harus tau cara budidaya lele, agar";0;0;0;0;in;346625105;1709396935176814594;FNKN17_;https://twitter.com/FNKN17_/status/1709396935176814594
Wed Oct 04 02:36:01 +0000 2023;1709396930575696332;"@warsiana Kamu nyaris masuk gen z kak";0;1;0;0;in;843187860;1709383518038708612;dodyykd;https://twitter.com/dodyykd/status/1709396930575696332
Wed Oct 04 02:35:52 +0000 2023;1709396890524266905;"@stephvalentina_ Banyak yg reply Gen Z males, tapi ga sepenuhnya tepat. emang sekarang beda banget dengan saat milenial lulus dimana zero rate interest baru mulai dan startup booming.  sekarang fed rate naik, startup hancur, dan pasca pandemi. they literally pickup broken pieces";0;0;0;0;in;1526584580320690176;1709272415145259460;EverythingOps;https://twitter.com/EverythingOps/status/1709396890524266905
Wed Oct 04 02:35:27 +0000 2023;1709396784483569755;"@atxmpalmers The rocketeer if he was Gen z";0;0;0;2;en;1081340626833231872;1709352161623330892;FuturaLibre;https://twitter.com/FuturaLibre/status/1709396784483569755
Wed Oct 04 02:35:26 +0000 2023;1709396783615418458;"Rahmat Erwin Abdullah Gen Z aku mencintai kalian semua åµãƒ»æ«»äº•ç¿” Ganjar Lebih Baik åŸç›£ç£é€€ä»» RM of BTS Amanda Manopo #Suzy #ã‚µãƒ ãƒ©ã‚¤ãƒãƒƒã‚¯ Pernah WO ç·è£é¸ç«‹å€™è£œ Gaelic Whoosh Whoosh #AlamGanjar https://t.co/eY5XXMVSrO";0;0;0;4;ja;1667726305864060936;1709396783615418458;tiaraanadifaa;https://twitter.com/tiaraanadifaa/status/1709396783615418458
Wed Oct 04 02:35:25 +0000 2023;1709396779010007260;"@Gem1984Gem1984 @the_poggy_doggy @MSupaCorc @Kurisu__99 @GenZ_ForTrump @loney_allison11 @GaysForTrump24 DRA was made before KJV and the KJV uses the DRA's translations multiple times.";0;0;0;0;en;1603857271875854367;1708962862884897225;HattrickforPA;https://twitter.com/HattrickforPA/status/1709396779010007260
Wed Oct 04 02:35:22 +0000 2023;1709396765181706298;"Anies betul-betul ingin memusnahkan Prabowo nampaknya ! . . Amanda Manopo Rahmat Erwin Abdullah jodie hamil aku mencintai kalian semua Gen Z Whoosh Ganjar Lebih Baik #NapoliRealMadrid #earthquake SDM Indonesia menuju masa depan NOMIN JAYA JAYA JAYA https://t.co/ddLRtQsVzM";0;0;1;1;in;1652894935102914561;1709396765181706298;IrwanYutama;https://twitter.com/IrwanYutama/status/1709396765181706298
Wed Oct 04 02:35:12 +0000 2023;1709396722978594905;"@Aditi__04 Gotta learn short forms gen z use....ikr??? Don't tell, lemme find out myself";0;1;0;0;en;1682701491100868609;1709170367930237280;sumitmathurz;https://twitter.com/sumitmathurz/status/1709396722978594905
Wed Oct 04 02:35:12 +0000 2023;1709396722777235724;"Rahmat Erwin Abdullah Gen Z aku mencintai kalian semua åµãƒ»æ«»äº•ç¿” Ganjar Lebih Baik åŸç›£ç£é€€ä»» RM of BTS Amanda Manopo #Suzy #ã‚µãƒ ãƒ©ã‚¤ãƒãƒƒã‚¯ Pernah WO ç·è£é¸ç«‹å€™è£œ Gaelic Whoosh Sarapan PrabowoÂ à¸à¸±à¸™à¸­à¸£à¸£à¸–à¸à¸±à¸™ Onana Pks APBN https://t.co/aQ99iyL6VG";0;0;0;0;in;1619567673893097472;1709396720558494168;IraniKhasanah;https://twitter.com/IraniKhasanah/status/1709396722777235724
Wed Oct 04 02:35:11 +0000 2023;1709396720558494168;"Rahmat Erwin Abdullah Gen Z aku mencintai kalian semua åµãƒ»æ«»äº•ç¿” Ganjar Lebih Baik åŸç›£ç£é€€ä»» RM of BTS Amanda Manopo #Suzy #ã‚µãƒ ãƒ©ã‚¤ãƒãƒƒã‚¯ Pernah WO ç·è£é¸ç«‹å€™è£œ Gaelic Whoosh Sarapan PrabowoÂ à¸à¸±à¸™à¸­à¸£à¸£à¸–à¸à¸±à¸™ Onana Pks APBN https://t.co/xkZWAtIYOb";0;1;0;0;in;1619567673893097472;1709396720558494168;IraniKhasanah;https://twitter.com/IraniKhasanah/status/1709396720558494168
Wed Oct 04 02:35:06 +0000 2023;1709396695963066496;"@PolJokesID Semua yang udah ketemu genz pasti sepakat sama gw";0;0;0;0;in;1452822285769842692;1709394909751550005;mr_mrningstr;https://twitter.com/mr_mrningstr/status/1709396695963066496
Wed Oct 04 02:34:57 +0000 2023;1709396662198861951;"@sultohn @whyibie @UbiMolen @peachyslen @dhiiikaaaaa @kinantiepm @ozarangkuti Terus kenapa ketikan Lo kaya nyudutin gen z? Kalau cuma liat org sekeliling Lo aja? Kalau gitu gue berhak juga dong gen mil. Itu rata2 banyak kasus perceraian kalau diliat dr kasus sekitar gue. ğŸ—¿";0;0;0;0;in;1340345631852773381;1709111224846409756;so_jxgwann;https://twitter.com/so_jxgwann/status/1709396662198861951
Wed Oct 04 02:34:48 +0000 2023;1709396621346398691;"Rahmat Erwin Abdullah Gen Z aku mencintai kalian semua åµãƒ»æ«»äº•ç¿” Ganjar Lebih Baik åŸç›£ç£é€€ä»» RM of BTS Amanda Manopo #Suzy #ã‚µãƒ ãƒ©ã‚¤ãƒãƒƒã‚¯ Pernah WO ç·è£é¸ç«‹å€™è£œ Gaelic Whoosh Whoosh #AlamGanjar https://t.co/a8CQfDibfQ";0;0;0;4;ja;1671789803199934464;1709396621346398691;syanazwisyafaa;https://twitter.com/syanazwisyafaa/status/1709396621346398691
Wed Oct 04 02:34:46 +0000 2023;1709396612144099582;"if u don't want to gen z jadi orang yg weak lembek dsb, ya ajarin tegur lead them instead of being bitchy online";0;0;0;0;in;1293450754691231744;1709396222430359771;valaphrodite;https://twitter.com/valaphrodite/status/1709396612144099582
Wed Oct 04 02:34:33 +0000 2023;1709396558977130967;"Rahmat Erwin Abdullah Gen Z aku mencintai kalian semua åµãƒ»æ«»äº•ç¿” Ganjar Lebih Baik åŸç›£ç£é€€ä»» RM of BTS Amanda Manopo #Suzy #ã‚µãƒ ãƒ©ã‚¤ãƒãƒƒã‚¯ Pernah WO ç·è£é¸ç«‹å€™è£œ Gaelic Whoosh Whoosh #AlamGanjar https://t.co/i4BJMHSCLJ";0;0;0;4;ja;1668816487602089984;1709396558977130967;sinagadelli;https://twitter.com/sinagadelli/status/1709396558977130967
Wed Oct 04 02:34:33 +0000 2023;1709396558079574129;"ğŸ‘‰ Situs Slot Gacor Hari Ini ğŸ‘‰ Slot Terpercaya  ğŸ”—ğ‹ğˆğğŠ ğ†ğ€ğ‚ğğ‘ ğ€ğƒğ€ ğƒğˆ ğğˆğ !!!!  Rahmat Erwin Abdullah Amanda Manopo Gen Z MOMO PARIS FASHION WEEK Morn #Suzy Pagiiii #RESPECTHANYUJIN JENO JAEMIN #FLAME_RISES_IN_JAKARTA https://t.co/51RMtDveZE";0;0;15;15;in;1645956192;1709396558079574129;jdbwby;https://twitter.com/jdbwby/status/1709396558079574129
Wed Oct 04 02:34:19 +0000 2023;1709396500353261868;"Pola Gacor Kakek Zeus Terpercaya | Situs Slot Gacor Hari Ini  Rahmat Erwin Abdullah Amanda Manopo Gen Z MOMO PARIS FASHION WEEK Morn #Suzy Pagiiii #RESPECTHANYUJIN JENO JAEMIN #FLAME_RISES_IN_JAKARTA  #slotgacor #slotgacorhariini #slotgacorterbaru https://t.co/746wUEUPn1";0;0;0;0;in;368724352;1709396500353261868;evinakustandi;https://twitter.com/evinakustandi/status/1709396500353261868
Wed Oct 04 02:34:03 +0000 2023;1709396431843602899;"@ganjarpranowo @univ_pasundan Asekkk. Waktunya para anak bangsa Gen Z makin melek politik dan tertarik thd politik bernegara";0;0;0;0;in;1697554757010042880;1709201986380611956;Akaleka69;https://twitter.com/Akaleka69/status/1709396431843602899
Wed Oct 04 02:33:56 +0000 2023;1709396406015025533;"Tanam singkong aja gagal, gimana mau urus ketahanan pangan? . .  Rahmat Erwin Abdullah Gen Z aku mencintai kalian semua åµãƒ»æ«»äº•ç¿” Ganjar Lebih Baik åŸç›£ç£é€€ä»» RM of BTS Amanda Manopo #Suzy #ã‚µãƒ ãƒ©ã‚¤ãƒãƒƒã‚¯ Pernah WO ç·è£é¸ç«‹å€™è£œ Gaelic Whoosh Whoosh #AlamGanjar #MenangTotal https://t.co/8c8Kh5QU7r";0;0;1;1;in;1652580051685351426;1709396406015025533;AdamIzhar44;https://twitter.com/AdamIzhar44/status/1709396406015025533
